source,target
M_4mop_c,M_leu__L_c
M_glu__L_c,M_leu__L_c
M_atp_c,M_glutrna_c
M_glu__L_c,M_glutrna_c
M_trnaglu_c,M_glutrna_c
M_adp_c,M_trdox_c
M_trdrd_c,M_trdox_c
M_cdp_c,M_trdox_c
M_trdrd_c,M_trdox_c
M_trdrd_c,M_trdox_c
M_udp_c,M_trdox_c
M_glutrna_c,M_trnaglu_c
M_h_c,M_trnaglu_c
M_nadph_c,M_trnaglu_c
M_acACP_c,M_ACP_c
M_acACP_c,M_actACP_c
M_h_c,M_ACP_c
M_h_c,M_actACP_c
M_malACP_c,M_ACP_c
M_malACP_c,M_actACP_c
M_ddcaACP_c,M_ACP_c
M_ddcaACP_c,M_kdo2lipid4L_c
M_kdo2lipid4_c,M_ACP_c
M_kdo2lipid4_c,M_kdo2lipid4L_c
M_kdo2lipid4L_c,M_ACP_c
M_myrsACP_c,M_ACP_c
M_hdeACP_c,M_ACP_c
M_kdo2lipid4_c,M_ACP_c
M_kdo2lipid4p_c,M_ACP_c
M_myrsACP_c,M_ACP_c
M_h_c,M_acACP_c
M_malACP_c,M_acACP_c
M_ACP_c,M_myrsACP_c
M_atp_c,M_myrsACP_c
M_ttdca_c,M_myrsACP_c
M_bbtcoa_c,M_gbbtn_c
M_crn_c,M_gbbtn_c
M_crn_c,M_ctbt_c
M_ctbtcoa_c,M_ctbt_c
M_ACP_c,M_malACP_c
M_malcoa_c,M_malACP_c
M_h_c,M_trdrd_c
M_nadph_c,M_trdrd_c
M_trdox_c,M_trdrd_c
M_25dkglcn_c,M_2dhguln_c
M_h_c,M_2dhguln_c
M_nadph_c,M_2dhguln_c
M_ACP_c,M_tdeACP_c
M_atp_c,M_tdeACP_c
M_ttdcea_c,M_tdeACP_c
M_apoACP_c,M_ACP_c
M_coa_c,M_ACP_c
M_arab__L_c,M_rbl__L_c
M_ACP_c,M_palmACP_c
M_atp_c,M_palmACP_c
M_hdca_c,M_palmACP_c
M_3hmrsACP_c,M_ACP_c
M_u3hga_c,M_ACP_c
M_ACP_c,M_hdeACP_c
M_atp_c,M_hdeACP_c
M_hdcea_c,M_hdeACP_c
M_3hmrsACP_c,M_ACP_c
M_uacgam_c,M_ACP_c
M_paps_c,M_trdox_c
M_trdrd_c,M_trdox_c
M_3php_c,M_pser__L_c
M_glu__L_c,M_pser__L_c
M_ACP_c,M_acACP_c
M_accoa_c,M_acACP_c
M_26dap__M_e,M_26dap__M_p
M_3hcinnm_e,M_3hcinnm_p
M_3hpppn_e,M_3hpppn_p
M_ac_e,M_ac_p
M_acald_e,M_acald_p
M_acmana_e,M_acmana_p
M_acmum_e,M_acmum_p
M_fum_p,M_succ_p
M_succ_c,M_succ_p
M_succ_c,M_succ_p
M_tartr__L_p,M_succ_p
M_glu__L_e,M_glu__L_p
M_gly_e,M_gly_p
M_glyald_e,M_glyald_p
M_glyb_e,M_glyb_p
M_glyc_e,M_glyc_p
M_glyc3p_e,M_glyc3p_p
M_glyclt_e,M_glyclt_p
M_gtp_e,M_gtp_p
M_gua_e,M_gua_p
M_h_e,M_h_p
M_h2_e,M_h2_p
M_h2o_e,M_h2o_p
M_h_p,M_h2o2_p
M_h_p,M_o2_p
M_o2s_p,M_h2o2_p
M_o2s_p,M_o2_p
M_no3_p,M_h2o_p
M_no3_p,M_no2_p
M_q8h2_c,M_h2o_p
M_q8h2_c,M_no2_p
M_h2o_p,M_inost_p
M_h2o_p,M_pi_p
M_minohp_p,M_inost_p
M_minohp_p,M_pi_p
M_h2o_p,M_h2_p
M_h2o_p,M_pi_p
M_ppt_p,M_h2_p
M_ppt_p,M_pi_p
M_h_c,M_h_p
M_mql8_c,M_h_p
M_no3_c,M_h_p
M_gtp_p,M_gdp_p
M_gtp_p,M_h_p
M_gtp_p,M_pi_p
M_h2o_p,M_gdp_p
M_h2o_p,M_h_p
M_h2o_p,M_pi_p
M_mql8_c,M_h2o_p
M_mql8_c,M_no2_p
M_no3_p,M_h2o_p
M_no3_p,M_no2_p
M_h_p,M_h2o_p
M_h_p,M_tma_p
M_mql8_c,M_h2o_p
M_mql8_c,M_tma_p
M_tmao_p,M_h2o_p
M_tmao_p,M_tma_p
M_2dmmql8_c,M_h2o_p
M_2dmmql8_c,M_tma_p
M_h_p,M_h2o_p
M_h_p,M_tma_p
M_tmao_p,M_h2o_p
M_tmao_p,M_tma_p
M_15dap_e,M_15dap_p
M_12ppd__S_e,M_12ppd__S_p
M_2ddglcn_e,M_2ddglcn_p
M_galur_e,M_galur_p
M_gal_e,M_gal_p
M_galct__D_e,M_galct__D_p
M_galctn__D_e,M_galctn__D_p
M_galt_e,M_galt_p
M_gam_e,M_gam_p
M_gbbtn_e,M_gbbtn_p
M_indole_e,M_indole_p
M_lac__L_e,M_lac__L_p
M_dmso_p,M_dms_p
M_dmso_p,M_h2o_p
M_mql8_c,M_dms_p
M_mql8_c,M_h2o_p
M_agm_c,M_agm_p
M_arg__L_p,M_agm_p
M_glc__D_p,M_glcn_p
M_glc__D_p,M_h_p
M_h2o_p,M_glcn_p
M_h2o_p,M_h_p
M_q8_c,M_glcn_p
M_q8_c,M_h_p
M_h2_c,M_h_p
M_h_c,M_h_p
M_mqn8_c,M_h_p
M_his__L_e,M_his__L_p
M_hxa_e,M_hxa_p
M_hxan_e,M_hxan_p
M_idon__L_e,M_idon__L_p
M_ile__L_e,M_ile__L_p
M_inost_e,M_inost_p
M_ins_e,M_ins_p
M_k_e,M_k_p
M_cpgn_e,M_cpgn_p
M_h_p,M_cpgn_p
M_glcr_e,M_glcr_p
M_glcn_e,M_glcn_p
M_glcur_e,M_glcur_p
M_gln__L_e,M_gln__L_p
M_o2_e,M_o2_p
M_octa_e,M_octa_p
M_lac__D_e,M_lac__D_p
M_dgmp_p,M_dgsn_p
M_dgmp_p,M_pi_p
M_h2o_p,M_dgsn_p
M_h2o_p,M_pi_p
M_orn_e,M_orn_p
M_frulys_e,M_frulys_p
M_malt_e,M_malt_p
M_cit_p,M_succ_p
M_succ_c,M_succ_p
M_crn_p,M_gbbtn_p
M_gbbtn_c,M_gbbtn_p
M_glc__D_e,M_glc__D_p
M_fe3dcit_e,M_fe3dcit_p
M_h_p,M_fe3dcit_p
M_asp__L_e,M_asp__L_p
M_phe__L_e,M_phe__L_p
M_feenter_e,M_feenter_p
M_h_p,M_feenter_p
M_pi_e,M_pi_p
M_h2o_p,M_glc__D_p
M_tre_p,M_glc__D_p
M_h_c,M_h_p
M_o2_c,M_h_p
M_q8h2_c,M_h_p
M_h_c,M_h_p
M_mql8_c,M_h_p
M_o2_c,M_h_p
M_rmn_e,M_rmn_p
M_malttr_e,M_malttr_p
M_maltttr_e,M_maltttr_p
M_maltpt_e,M_maltpt_p
M_lcts_e,M_lcts_p
M_leu__L_e,M_leu__L_p
M_lys__L_e,M_lys__L_p
M_lyx__L_e,M_lyx__L_p
M_man_e,M_man_p
M_man6p_e,M_man6p_p
M_atp_c,M_cys__L_p
M_cys__L_c,M_cys__L_p
M_h2o_c,M_cys__L_p
M_melib_e,M_melib_p
M_dmso_e,M_dmso_p
M_duri_e,M_duri_p
M_fru_e,M_fru_p
M_fuc__L_e,M_fuc__L_p
M_o16a2und_p,M_h_p
M_o16a2und_p,M_o16a3und_p
M_o16a2und_p,M_udcpdp_p
M_o16aund_p,M_h_p
M_o16aund_p,M_o16a3und_p
M_o16aund_p,M_udcpdp_p
M_o16a3und_p,M_h_p
M_o16a3und_p,M_o16a4und_p
M_o16a3und_p,M_udcpdp_p
M_o16aund_p,M_h_p
M_o16aund_p,M_o16a4und_p
M_o16aund_p,M_udcpdp_p
M_fum_e,M_fum_p
M_colipa_p,M_h_p
M_colipa_p,M_o16a4colipa_p
M_colipa_p,M_udcpdp_p
M_o16a4und_p,M_h_p
M_o16a4und_p,M_o16a4colipa_p
M_o16a4und_p,M_udcpdp_p
M_fe2_e,M_fe2_p
M_nmn_e,M_nmn_p
M_no2_e,M_no2_p
M_feoxam_un_p,M_feoxam_un_e
M_h_p,M_feoxam_un_e
M_arbtn_c,M_arbtn_p
M_h_p,M_arbtn_p
M_arbtn_p,M_arbtn_e
M_h_p,M_arbtn_e
M_15dap_c,M_15dap_p
M_h_p,M_15dap_p
M_lys__L_p,M_15dap_p
M_23camp_e,M_23camp_p
M_23ccmp_e,M_23ccmp_p
M_23cump_e,M_23cump_p
M_23cgmp_e,M_23cgmp_p
M_3amp_e,M_3amp_p
M_3cmp_e,M_3cmp_p
M_gdp_e,M_gdp_p
M_enter_c,M_enter_p
M_h_p,M_enter_p
M_tma_e,M_tma_p
M_tmao_e,M_tmao_p
M_tre_e,M_tre_p
M_enter_p,M_enter_e
M_h_p,M_enter_e
M_fe3hox_un_p,M_fe3hox_un_e
M_h_p,M_fe3hox_un_e
M_feoxam_un_c,M_feoxam_un_p
M_h_p,M_feoxam_un_p
M_fecrm_un_c,M_fecrm_un_p
M_h_p,M_fecrm_un_p
M_fe3hox_c,M_fe3hox_un_c
M_fmnh2_c,M_fe3hox_un_c
M_trp__L_e,M_trp__L_p
M_pnto__R_e,M_pnto__R_p
M_tsul_e,M_tsul_p
M_tyr__L_e,M_tyr__L_p
M_ura_e,M_ura_p
M_urea_e,M_urea_p
M_uri_e,M_uri_p
M_ethso3_e,M_ethso3_p
M_butso3_e,M_butso3_p
M_lipoate_e,M_lipoate_p
M_cyan_p,M_h_p
M_cyan_p,M_so3_p
M_cyan_p,M_tcynt_p
M_tsul_p,M_h_p
M_tsul_p,M_so3_p
M_tsul_p,M_tcynt_p
M_val__L_e,M_val__L_p
M_xan_e,M_xan_p
M_xyl__D_e,M_xyl__D_p
M_pppn_e,M_pppn_p
M_4abut_e,M_4abut_p
M_for_c,M_for_p
M_atp_c,M_pheme_p
M_h2o_c,M_pheme_p
M_pheme_c,M_pheme_p
M_ppt_e,M_ppt_p
M_gal_bD_e,M_gal_bD_p
M_colipa_e,M_h2o_e
M_colipa_e,M_hacolipa_e
M_h_e,M_h2o_e
M_h_e,M_hacolipa_e
M_hdca_e,M_h2o_e
M_hdca_e,M_hacolipa_e
M_atp_c,M_lipa_p
M_h2o_c,M_lipa_p
M_lipa_c,M_lipa_p
M_h_e,M_h2o_e
M_h_e,M_halipa_e
M_hdca_e,M_h2o_e
M_hdca_e,M_halipa_e
M_lipa_e,M_h2o_e
M_lipa_e,M_halipa_e
M_atp_c,M_lipa_cold_p
M_h2o_c,M_lipa_cold_p
M_lipa_cold_c,M_lipa_cold_p
M_unagamuf_p,M_eca2und_p
M_unagamuf_p,M_h_p
M_unagamuf_p,M_udcpdp_p
M_ptrc_e,M_ptrc_p
M_h2o_p,M_h_p
M_h2o_p,M_pi_p
M_h2o_p,M_udcpp_p
M_udcpdp_p,M_h_p
M_udcpdp_p,M_pi_p
M_udcpdp_p,M_udcpp_p
M_eca2und_p,M_eca3und_p
M_eca2und_p,M_h_p
M_eca2und_p,M_udcpdp_p
M_unagamuf_p,M_eca3und_p
M_unagamuf_p,M_h_p
M_unagamuf_p,M_udcpdp_p
M_colipa_p,M_eca4colipa_p
M_colipa_p,M_h_p
M_colipa_p,M_udcpdp_p
M_eca4und_p,M_eca4colipa_p
M_eca4und_p,M_h_p
M_eca4und_p,M_udcpdp_p
M_fe3hox_c,M_fe3hox_un_c
M_rbflvrd_c,M_fe3hox_un_c
M_pyr_e,M_pyr_p
M_gal_bD_p,M_gal_p
M_atp_c,M_cu_p
M_cu_c,M_cu_p
M_h2o_c,M_cu_p
M_atp_c,M_hg2_p
M_h2o_c,M_hg2_p
M_hg2_c,M_hg2_p
M_sulfac_e,M_sulfac_p
M_ser__D_e,M_ser__D_p
M_colipa_p,M_acolipa_p
M_colipa_p,M_udcpp_p
M_uLa4n_p,M_acolipa_p
M_uLa4n_p,M_udcpp_p
M_ser__L_e,M_ser__L_p
M_no_e,M_no_p
M_n2o_e,M_n2o_p
M_crn__D_c,M_crn__D_p
M_crn_p,M_crn__D_p
M_crn__D_p,M_crn__D_c
M_h_p,M_crn__D_c
M_ctbt_p,M_ctbt_c
M_h_p,M_ctbt_c
M_dopa_p,M_34dhpac_p
M_dopa_p,M_h2o2_p
M_dopa_p,M_nh4_p
M_h2o_p,M_34dhpac_p
M_h2o_p,M_h2o2_p
M_h2o_p,M_nh4_p
M_o2_p,M_34dhpac_p
M_o2_p,M_h2o2_p
M_o2_p,M_nh4_p
M_h2o_p,M_4hoxpacd_p
M_h2o_p,M_h2o2_p
M_h2o_p,M_nh4_p
M_o2_p,M_4hoxpacd_p
M_o2_p,M_h2o2_p
M_o2_p,M_nh4_p
M_tym_p,M_4hoxpacd_p
M_tym_p,M_h2o2_p
M_tym_p,M_nh4_p
M_peamn_e,M_peamn_p
M_pacald_e,M_pacald_p
M_cdp_c,M_grxox_c
M_grxrd_c,M_grxox_c
M_grxrd_c,M_grxox_c
M_udp_c,M_grxox_c
M_acgal1p_e,M_acgal1p_p
M_acgal_e,M_acgal_p
M_glcur1p_e,M_glcur1p_p
M_udpglcur_e,M_udpglcur_p
M_h2o_p,M_gal1p_p
M_h2o_p,M_h_p
M_h2o_p,M_ump_p
M_udpgal_p,M_gal1p_p
M_udpgal_p,M_h_p
M_udpgal_p,M_ump_p
M_h2o_p,M_acgam1p_p
M_h2o_p,M_h_p
M_h2o_p,M_ump_p
M_uacgam_p,M_acgam1p_p
M_uacgam_p,M_h_p
M_uacgam_p,M_ump_p
M_h2o_p,M_acgal1p_p
M_h2o_p,M_h_p
M_h2o_p,M_ump_p
M_udpacgal_p,M_acgal1p_p
M_udpacgal_p,M_h_p
M_udpacgal_p,M_ump_p
M_h2o_p,M_glcur1p_p
M_h2o_p,M_h_p
M_h2o_p,M_ump_p
M_udpglcur_p,M_glcur1p_p
M_udpglcur_p,M_h_p
M_udpglcur_p,M_ump_p
M_fe2_p,M_fe3_p
M_fe2_p,M_h2o_p
M_h_p,M_fe3_p
M_h_p,M_h2o_p
M_o2_p,M_fe3_p
M_o2_p,M_h2o_p
M_isetac_e,M_isetac_p
M_glcur1p_p,M_glcur_p
M_glcur1p_p,M_pi_p
M_h2o_p,M_glcur_p
M_h2o_p,M_pi_p
M_udpg_e,M_udpg_p
M_acgal1p_p,M_acgal_p
M_acgal1p_p,M_pi_p
M_h2o_p,M_acgal_p
M_h2o_p,M_pi_p
M_udpgal_e,M_udpgal_p
M_acgam1p_e,M_acgam1p_p
M_uacgam_e,M_uacgam_p
M_udpacgal_e,M_udpacgal_p
M_h_p,M_h2o_p
M_h_p,M_nh4_p
M_mql8_c,M_h2o_p
M_mql8_c,M_nh4_p
M_no2_p,M_h2o_p
M_no2_p,M_nh4_p
M_h_p,M_h2o_p
M_h_p,M_nh4_p
M_no2_p,M_h2o_p
M_no2_p,M_nh4_p
M_q8h2_c,M_h2o_p
M_q8h2_c,M_nh4_p
M_pheme_p,M_pheme_e
M_cyan_e,M_cyan_p
M_so3_e,M_so3_p
M_tcynt_e,M_tcynt_p
M_metsox_S__L_e,M_metsox_S__L_p
M_metsox_R__L_e,M_metsox_R__L_p
M_3ump_e,M_3ump_p
M_mso3_e,M_mso3_p
M_fadh2_c,M_fecrm_un_c
M_fecrm_c,M_fecrm_un_c
M_fecrm_c,M_fecrm_un_c
M_fmnh2_c,M_fecrm_un_c
M_3gmp_e,M_3gmp_p
M_so4_e,M_so4_p
M_fe3_e,M_fecrm_e
M_fecrm_un_e,M_fecrm_e
M_metsox_S__L_c,M_trdox_c
M_trdrd_c,M_trdox_c
M_metsox_R__L_c,M_trdox_c
M_trdrd_c,M_trdox_c
M_dopa_e,M_dopa_p
M_4hoxpacd_e,M_4hoxpacd_p
M_arbtn_e,M_arbtn_fe3_e
M_fe3_e,M_arbtn_fe3_e
M_fe3_e,M_feoxam_e
M_feoxam_un_e,M_feoxam_e
M_h2o_p,M_gal_p
M_h2o_p,M_glc__D_p
M_lcts_p,M_gal_p
M_lcts_p,M_glc__D_p
M_spmd_e,M_spmd_p
M_g3pc_p,M_chol_p
M_g3pc_p,M_glyc3p_p
M_g3pc_p,M_h_p
M_h2o_p,M_chol_p
M_h2o_p,M_glyc3p_p
M_h2o_p,M_h_p
M_g3pi_p,M_glyc3p_p
M_g3pi_p,M_h_p
M_g3pi_p,M_inost_p
M_h2o_p,M_glyc3p_p
M_h2o_p,M_h_p
M_h2o_p,M_inost_p
M_etha_e,M_etha_p
M_g3ps_e,M_g3ps_p
M_fadh2_c,M_feoxam_un_c
M_feoxam_c,M_feoxam_un_c
M_feoxam_c,M_feoxam_un_c
M_fmnh2_c,M_feoxam_un_c
M_feoxam_c,M_feoxam_un_c
M_rbflvrd_c,M_feoxam_un_c
M_h2o_p,M_pi_p
M_h2o_p,M_thr__L_p
M_thrp_p,M_pi_p
M_thrp_p,M_thr__L_p
M_succ_e,M_succ_p
M_fadh2_c,M_fe3hox_un_c
M_fe3hox_c,M_fe3hox_un_c
M_enter_e,M_feenter_e
M_fe3_e,M_feenter_e
M_sucr_e,M_sucr_p
M_fe3_e,M_fe3hox_e
M_fe3hox_un_e,M_fe3hox_e
M_fecrm_c,M_fecrm_un_c
M_rbflvrd_c,M_fecrm_un_c
M_anhgm4p_p,M_LalaDgluMdapDala_p
M_anhgm4p_p,M_anhgm_p
M_h2o_p,M_LalaDgluMdapDala_p
M_h2o_p,M_anhgm_p
M_ag_c,M_ag_e
M_h_e,M_ag_e
M_cd2_c,M_cd2_p
M_h_p,M_cd2_p
M_glyc2p_e,M_glyc2p_p
M_pser__L_e,M_pser__L_p
M_tartr__L_e,M_tartr__L_p
M_r5p_e,M_r5p_p
M_thrp_e,M_thrp_p
M_tyrp_e,M_tyrp_p
M_h2o_p,M_pi_p
M_h2o_p,M_rib__D_p
M_r5p_p,M_pi_p
M_r5p_p,M_rib__D_p
M_h2o_p,M_pi_p
M_h2o_p,M_ser__L_p
M_pser__L_p,M_pi_p
M_pser__L_p,M_ser__L_p
M_h2o_p,M_pi_p
M_h2o_p,M_tyr__L_p
M_tyrp_p,M_pi_p
M_tyrp_p,M_tyr__L_p
M_grxrd_c,M_grxox_c
M_paps_c,M_grxox_c
M_grxox_c,M_grxrd_c
M_gthrd_c,M_grxrd_c
M_adp_c,M_grxox_c
M_grxrd_c,M_grxox_c
M_gdp_c,M_grxox_c
M_grxrd_c,M_grxox_c
M_taur_e,M_taur_p
M_atp_c,M_leu__L_c
M_h2o_c,M_leu__L_c
M_leu__L_p,M_leu__L_c
M_thr__L_e,M_thr__L_p
M_cpgn_un_c,M_cpgn_un_p
M_h_p,M_cpgn_un_p
M_cpgn_un_p,M_cpgn_un_e
M_h_p,M_cpgn_un_e
M_14glucan_p,M_malthx_p
M_thymd_e,M_thymd_p
M_man6p_p,M_pi_p
M_pi_c,M_pi_p
M_cpgn_un_e,M_cpgn_e
M_fe3_e,M_cpgn_e
M_cit_e,M_cit_p
M_acgam_e,M_acgam_p
M_ddca_e,M_ddca_p
M_ttdca_e,M_ttdca_p
M_hdca_e,M_hdca_p
M_23cump_p,M_3ump_p
M_23cump_p,M_h_p
M_h2o_p,M_3ump_p
M_h2o_p,M_h_p
M_23ccmp_p,M_3cmp_p
M_23ccmp_p,M_h_p
M_h2o_p,M_3cmp_p
M_h2o_p,M_h_p
M_23cgmp_p,M_3gmp_p
M_23cgmp_p,M_h_p
M_h2o_p,M_3gmp_p
M_h2o_p,M_h_p
M_met__D_e,M_met__D_p
M_h_p,M_na1_p
M_na1_c,M_na1_p
M_h_p,M_na1_p
M_na1_c,M_na1_p
M_met__L_e,M_met__L_p
M_no2_c,M_no2_p
M_no3_p,M_no2_p
M_h_c,M_h_p
M_h_c,M_indole_p
M_indole_c,M_h_p
M_indole_c,M_indole_p
M_mnl_e,M_mnl_p
M_ocdca_e,M_ocdca_p
M_ocdcea_e,M_ocdcea_p
M_asn__L_p,M_asp__L_p
M_asn__L_p,M_nh4_p
M_h2o_p,M_asp__L_p
M_h2o_p,M_nh4_p
M_gln__L_p,M_glu__L_p
M_gln__L_p,M_nh4_p
M_h2o_p,M_glu__L_p
M_h2o_p,M_nh4_p
M_g6p_e,M_g6p_p
M_na1_e,M_na1_p
M_mobd_e,M_mobd_p
M_fecrm_e,M_fecrm_p
M_h_p,M_fecrm_p
M_arbtn_fe3_e,M_arbtn_fe3_p
M_h_p,M_arbtn_fe3_p
M_ni2_e,M_ni2_p
M_h2o_p,M_pi_p
M_h2o_p,M_xtsn_p
M_xmp_p,M_pi_p
M_xmp_p,M_xtsn_p
M_dump_p,M_duri_p
M_dump_p,M_pi_p
M_h2o_p,M_duri_p
M_h2o_p,M_pi_p
M_h2o_p,M_pi_p
M_h2o_p,M_uri_p
M_ump_p,M_pi_p
M_ump_p,M_uri_p
M_nac_e,M_nac_p
M_dcmp_p,M_dcyt_p
M_dcmp_p,M_pi_p
M_h2o_p,M_dcyt_p
M_h2o_p,M_pi_p
M_cmp_p,M_cytd_p
M_cmp_p,M_pi_p
M_h2o_p,M_cytd_p
M_h2o_p,M_pi_p
M_dtmp_p,M_pi_p
M_dtmp_p,M_thymd_p
M_h2o_p,M_pi_p
M_h2o_p,M_thymd_p
M_atp_c,M_crn__D_c
M_crn__D_p,M_crn__D_c
M_h2o_c,M_crn__D_c
M_damp_p,M_dad_2_p
M_damp_p,M_pi_p
M_h2o_p,M_dad_2_p
M_h2o_p,M_pi_p
M_amp_p,M_adn_p
M_amp_p,M_pi_p
M_h2o_p,M_adn_p
M_h2o_p,M_pi_p
M_atp_c,M_ctbt_c
M_ctbt_p,M_ctbt_c
M_h2o_c,M_ctbt_c
M_gmp_p,M_gsn_p
M_gmp_p,M_pi_p
M_h2o_p,M_gsn_p
M_h2o_p,M_pi_p
M_nh4_e,M_nh4_p
M_h2o_p,M_h2o2_p
M_h2o_p,M_nh4_p
M_h2o_p,M_pacald_p
M_o2_p,M_h2o2_p
M_o2_p,M_nh4_p
M_o2_p,M_pacald_p
M_peamn_p,M_h2o2_p
M_peamn_p,M_nh4_p
M_peamn_p,M_pacald_p
M_gal1p_p,M_gal_p
M_gal1p_p,M_pi_p
M_h2o_p,M_gal_p
M_h2o_p,M_pi_p
M_h2o2_e,M_h2o2_p
M_arg__L_p,M_agm_p
M_arg__L_p,M_co2_p
M_h_p,M_agm_p
M_h_p,M_co2_p
M_ade_e,M_ade_p
M_adn_e,M_adn_p
M_aso3_e,M_aso3_p
M_agm_e,M_agm_p
M_ala__L_e,M_ala__L_p
M_ala_B_e,M_ala_B_p
M_ala__D_e,M_ala__D_p
M_manglyc_e,M_manglyc_p
M_amp_e,M_amp_p
M_fruur_e,M_fruur_p
M_arab__L_e,M_arab__L_p
M_arg__L_e,M_arg__L_p
M_ascb__L_e,M_ascb__L_p
M_unagamuf_c,M_unagamuf_p
M_o16aund_c,M_o16aund_p
M_o16aund_p,M_h_p
M_o16aund_p,M_o16a2und_p
M_o16aund_p,M_udcpdp_p
M_g3ps_p,M_glyc3p_p
M_g3ps_p,M_h_p
M_g3ps_p,M_ser__L_p
M_h2o_p,M_glyc3p_p
M_h2o_p,M_h_p
M_h2o_p,M_ser__L_p
M_g3pg_p,M_glyc3p_p
M_g3pg_p,M_glyc_p
M_g3pg_p,M_h_p
M_h2o_p,M_glyc3p_p
M_h2o_p,M_glyc_p
M_h2o_p,M_h_p
M_g3pe_p,M_etha_p
M_g3pe_p,M_glyc3p_p
M_g3pe_p,M_h_p
M_h2o_p,M_etha_p
M_h2o_p,M_glyc3p_p
M_h2o_p,M_h_p
M_glyc__R_e,M_glyc__R_p
M_but_e,M_but_p
M_fe3hox_e,M_fe3hox_p
M_h_p,M_fe3hox_p
M_atp_c,M_cu2_p
M_cu2_c,M_cu2_p
M_h2o_c,M_cu2_p
M_atp_c,M_cobalt2_p
M_cobalt2_c,M_cobalt2_p
M_h2o_c,M_cobalt2_p
M_atp_c,M_ni2_p
M_h2o_c,M_ni2_p
M_ni2_c,M_ni2_p
M_LalaDgluMdapDala_p,M_LalaDgluMdap_p
M_LalaDgluMdapDala_p,M_ala__D_p
M_h2o_p,M_LalaDgluMdap_p
M_h2o_p,M_ala__D_p
M_chol_e,M_chol_p
M_glyc3p_p,M_pi_p
M_pi_c,M_pi_p
M_mmet_e,M_mmet_p
M_fe3_e,M_fe3_p
M_mg2_e,M_mg2_p
M_zn2_e,M_zn2_p
M_cd2_e,M_cd2_p
M_glyc_c,M_glyc_p
M_co2_e,M_co2_p
M_4abut_c,M_4abut_p
M_glu__L_p,M_4abut_p
M_crn_e,M_crn_p
M_cobalt2_e,M_cobalt2_p
M_h_p,M_lcts_p
M_lcts_c,M_lcts_p
M_arab__L_c,M_arab__L_p
M_h_p,M_arab__L_p
M_14glucan_e,M_14glucan_p
M_din_e,M_din_p
M_dimp_p,M_din_p
M_dimp_p,M_pi_p
M_h2o_p,M_din_p
M_h2o_p,M_pi_p
M_dimp_e,M_dimp_p
M_3amp_p,M_adn_p
M_3amp_p,M_pi_p
M_h2o_p,M_adn_p
M_h2o_p,M_pi_p
M_dms_e,M_dms_p
M_3cmp_p,M_cytd_p
M_3cmp_p,M_pi_p
M_h2o_p,M_cytd_p
M_h2o_p,M_pi_p
M_3ump_p,M_pi_p
M_3ump_p,M_uri_p
M_h2o_p,M_pi_p
M_h2o_p,M_uri_p
M_3gmp_p,M_gsn_p
M_3gmp_p,M_pi_p
M_h2o_p,M_gsn_p
M_h2o_p,M_pi_p
M_23camp_p,M_3amp_p
M_23camp_p,M_h_p
M_h2o_p,M_3amp_p
M_h2o_p,M_h_p
M_atp_c,M_zn2_p
M_h2o_c,M_zn2_p
M_zn2_c,M_zn2_p
M_csn_e,M_csn_p
M_orn_c,M_orn_p
M_ptrc_p,M_orn_p
M_cynt_e,M_cynt_p
M_hg2_e,M_hg2_p
M_xtsn_e,M_xtsn_p
M_cys__L_e,M_cys__L_p
M_cytd_e,M_cytd_p
M_dad_2_e,M_dad_2_p
M_LalaDgluMdapDala_e,M_LalaDgluMdapDala_p
M_dha_e,M_dha_p
M_etoh_e,M_etoh_p
M_anhgm4p_p,M_ala__D_p
M_anhgm4p_p,M_anhgm3p_p
M_h2o_p,M_ala__D_p
M_h2o_p,M_anhgm3p_p
M_gdp_c,M_trdox_c
M_trdrd_c,M_trdox_c
M_dca_e,M_dca_p
M_dcyt_e,M_dcyt_p
M_acac_e,M_acac_p
M_acnam_e,M_acnam_p
M_dgsn_e,M_dgsn_p
M_aso3_c,M_aso3_p
M_atp_c,M_aso3_p
M_h2o_c,M_aso3_p
M_h2s_e,M_h2s_p
M_2dmmql8_c,M_dms_p
M_2dmmql8_c,M_h2o_p
M_dmso_p,M_dms_p
M_dmso_p,M_h2o_p
M_h2s_c,M_h2s_p
M_2dmmq8_c,M_h_p
M_h2_c,M_h_p
M_h_c,M_h_p
M_h_c,M_h_p
M_no3_c,M_h_p
M_q8h2_c,M_h_p
M_ACP_c,M_octeACP_c
M_atp_c,M_octeACP_c
M_ocdcea_c,M_octeACP_c
M_tym_e,M_tym_p
M_arg__L_p,M_orn_p
M_orn_c,M_orn_p
M_cmp_e,M_cmp_p
M_dump_e,M_dump_p
M_xmp_e,M_xmp_p
M_LalaDgluMdap_e,M_LalaDgluMdap_p
M_anhgm_e,M_anhgm_p
M_h2o_p,M_ins_p
M_h2o_p,M_pi_p
M_imp_p,M_ins_p
M_imp_p,M_pi_p
M_uLa4n_c,M_uLa4n_p
M_fald_e,M_fald_p
M_cu2_e,M_cu2_p
M_fecrm_un_p,M_fecrm_un_e
M_h_p,M_fecrm_un_e
M_cl_e,M_cl_p
M_cys__D_e,M_cys__D_p
M_gmp_e,M_gmp_p
M_imp_e,M_imp_p
M_g3pi_e,M_g3pi_p
M_atp_c,M_cd2_p
M_cd2_c,M_cd2_p
M_h2o_c,M_cd2_p
M_g3pg_e,M_g3pg_p
M_g3pe_e,M_g3pe_p
M_g3pc_e,M_g3pc_p
M_ump_e,M_ump_p
M_g1p_e,M_g1p_p
M_cu_c,M_cu_e
M_h_e,M_cu_e
M_h_p,M_zn2_p
M_zn2_c,M_zn2_p
M_skm_e,M_skm_p
M_mn2_e,M_mn2_p
M_gal1p_e,M_gal1p_p
M_glyc2p_p,M_glyc_p
M_glyc2p_p,M_pi_p
M_h2o_p,M_glyc_p
M_h2o_p,M_pi_p
M_h2o_p,M_g1p_p
M_h2o_p,M_h_p
M_h2o_p,M_ump_p
M_udpg_p,M_g1p_p
M_udpg_p,M_h_p
M_udpg_p,M_ump_p
M_o2s_e,M_o2s_p
M_h_p,M_k_p
M_k_c,M_k_p
M_h_p,M_hom__L_p
M_hom__L_c,M_hom__L_p
M_anhgm3p_p,M_LalaDgluMdap_p
M_anhgm3p_p,M_anhgm_p
M_h2o_p,M_LalaDgluMdap_p
M_h2o_p,M_anhgm_p
M_hom__L_e,M_hom__L_p
M_so2_e,M_so2_p
M_cys__L_c,M_cys__L_p
M_damp_e,M_damp_p
M_dcmp_e,M_dcmp_p
M_dgmp_e,M_dgmp_p
M_dtmp_e,M_dtmp_p
M_acser_c,M_acser_p
M_acser_e,M_acser_p
M_h2o_p,M_2agpe140_p
M_h2o_p,M_h_p
M_h2o_p,M_ttdca_p
M_pe140_p,M_2agpe140_p
M_pe140_p,M_h_p
M_pe140_p,M_ttdca_p
M_h2o_p,M_2agpe160_p
M_h2o_p,M_h_p
M_h2o_p,M_hdca_p
M_pe160_p,M_2agpe160_p
M_pe160_p,M_h_p
M_pe160_p,M_hdca_p
M_h2o_p,M_2agpe161_p
M_h2o_p,M_h_p
M_h2o_p,M_hdcea_p
M_pe161_p,M_2agpe161_p
M_pe161_p,M_h_p
M_pe161_p,M_hdcea_p
M_ACP_c,M_dcaACP_c
M_atp_c,M_dcaACP_c
M_dca_c,M_dcaACP_c
M_ACP_c,M_ocACP_c
M_atp_c,M_ocACP_c
M_octa_c,M_ocACP_c
M_ACP_c,M_ocdcaACP_c
M_atp_c,M_ocdcaACP_c
M_ocdca_c,M_ocdcaACP_c
M_ACP_c,M_ddcaACP_c
M_atp_c,M_ddcaACP_c
M_ddca_c,M_ddcaACP_c
M_g1p_p,M_glc__D_p
M_g1p_p,M_pi_p
M_h2o_p,M_glc__D_p
M_h2o_p,M_pi_p
M_2ddecg3p_p,M_2ddecg3p_c
M_2agpg180_p,M_2agpg180_c
M_accoa_c,M_actACP_c
M_h_c,M_actACP_c
M_malACP_c,M_actACP_c
M_alaala_e,M_alaala_p
M_tdec2eACP_c,M_cdec3eACP_c
M_h_c,M_3ocpalm9eACP_c
M_h_c,M_ACP_c
M_malACP_c,M_3ocpalm9eACP_c
M_malACP_c,M_ACP_c
M_tdeACP_c,M_3ocpalm9eACP_c
M_tdeACP_c,M_ACP_c
M_h_c,M_tdeACP_c
M_nadph_c,M_tdeACP_c
M_t3c7mrseACP_c,M_tdeACP_c
M_h_c,M_hdeACP_c
M_nadh_c,M_hdeACP_c
M_t3c9palmeACP_c,M_hdeACP_c
M_2agpg161_p,M_2agpg161_c
M_pg180_p,M_clpn180_p
M_pg180_p,M_glyc_p
M_h2o_p,M_2agpe120_p
M_h2o_p,M_ddca_p
M_h2o_p,M_h_p
M_pe120_p,M_2agpe120_p
M_pe120_p,M_ddca_p
M_pe120_p,M_h_p
M_pg181_p,M_clpn181_p
M_pg181_p,M_glyc_p
M_atp_c,M_pg161_p
M_h2o_c,M_pg161_p
M_pg161_c,M_pg161_p
M_atp_c,M_pgp120_p
M_h2o_c,M_pgp120_p
M_pgp120_c,M_pgp120_p
M_mal__L_e,M_mal__L_p
M_no3_e,M_no3_p
M_cddec5eACP_c,M_3ocmrs7eACP_c
M_cddec5eACP_c,M_ACP_c
M_h_c,M_3ocmrs7eACP_c
M_h_c,M_ACP_c
M_malACP_c,M_3ocmrs7eACP_c
M_malACP_c,M_ACP_c
M_3ocddec5eACP_c,M_3hcddec5eACP_c
M_h_c,M_3hcddec5eACP_c
M_nadph_c,M_3hcddec5eACP_c
M_atp_c,M_pgp161_p
M_h2o_c,M_pgp161_p
M_pgp161_c,M_pgp161_p
M_atp_c,M_pgp181_p
M_h2o_c,M_pgp181_p
M_pgp181_c,M_pgp181_p
M_atp_c,M_pa120_p
M_h2o_c,M_pa120_p
M_pa120_c,M_pa120_p
M_h2o_p,M_2agpg120_p
M_h2o_p,M_ddca_p
M_h2o_p,M_h_p
M_pg120_p,M_2agpg120_p
M_pg120_p,M_ddca_p
M_pg120_p,M_h_p
M_pg120_p,M_clpn120_p
M_pg120_p,M_glyc_p
M_alpp_p,M_2agpe160_p
M_alpp_p,M_lpp_p
M_pe160_p,M_2agpe160_p
M_pe160_p,M_lpp_p
M_ttdcea_e,M_ttdcea_p
M_hdcea_e,M_hdcea_p
M_alpp_p,M_2agpg160_p
M_alpp_p,M_lpp_p
M_pg160_p,M_2agpg160_p
M_pg160_p,M_lpp_p
M_h2o_p,M_2agpe181_p
M_h2o_p,M_h_p
M_h2o_p,M_ocdcea_p
M_pe181_p,M_2agpe181_p
M_pe181_p,M_h_p
M_pe181_p,M_ocdcea_p
M_h2o_p,M_2agpg180_p
M_h2o_p,M_h_p
M_h2o_p,M_ocdca_p
M_pg180_p,M_2agpg180_p
M_pg180_p,M_h_p
M_pg180_p,M_ocdca_p
M_atp_c,M_pa160_p
M_h2o_c,M_pa160_p
M_pa160_c,M_pa160_p
M_h2o_p,M_2agpg181_p
M_h2o_p,M_h_p
M_h2o_p,M_ocdcea_p
M_pg181_p,M_2agpg181_p
M_pg181_p,M_h_p
M_pg181_p,M_ocdcea_p
M_atp_c,M_pa181_p
M_h2o_c,M_pa181_p
M_pa181_c,M_pa181_p
M_h2o_p,M_pg140_p
M_h2o_p,M_pi_p
M_pgp140_p,M_pg140_p
M_pgp140_p,M_pi_p
M_h2o_p,M_pg141_p
M_h2o_p,M_pi_p
M_pgp141_p,M_pg141_p
M_pgp141_p,M_pi_p
M_h2o_p,M_pg160_p
M_h2o_p,M_pi_p
M_pgp160_p,M_pg160_p
M_pgp160_p,M_pi_p
M_h2o_p,M_pg180_p
M_h2o_p,M_pi_p
M_pgp180_p,M_pg180_p
M_pgp180_p,M_pi_p
M_clpn141_p,M_h_p
M_clpn141_p,M_pa141_p
M_clpn141_p,M_pg141_p
M_h2o_p,M_h_p
M_h2o_p,M_pa141_p
M_h2o_p,M_pg141_p
M_clpn160_p,M_h_p
M_clpn160_p,M_pa160_p
M_clpn160_p,M_pg160_p
M_h2o_p,M_h_p
M_h2o_p,M_pa160_p
M_h2o_p,M_pg160_p
M_clpn161_p,M_h_p
M_clpn161_p,M_pa161_p
M_clpn161_p,M_pg161_p
M_h2o_p,M_h_p
M_h2o_p,M_pa161_p
M_h2o_p,M_pg161_p
M_clpn181_p,M_h_p
M_clpn181_p,M_pa181_p
M_clpn181_p,M_pg181_p
M_h2o_p,M_h_p
M_h2o_p,M_pa181_p
M_h2o_p,M_pg181_p
M_h2o_p,M_2agpe180_p
M_h2o_p,M_h_p
M_h2o_p,M_ocdca_p
M_pe180_p,M_2agpe180_p
M_pe180_p,M_h_p
M_pe180_p,M_ocdca_p
M_rib__D_e,M_rib__D_p
M_thm_e,M_thm_p
M_xylu__L_e,M_xylu__L_p
M_h2o_p,M_2agpg140_p
M_h2o_p,M_h_p
M_h2o_p,M_ttdca_p
M_pg140_p,M_2agpg140_p
M_pg140_p,M_h_p
M_pg140_p,M_ttdca_p
M_h2o_p,M_2agpg161_p
M_h2o_p,M_h_p
M_h2o_p,M_hdcea_p
M_pg161_p,M_2agpg161_p
M_pg161_p,M_h_p
M_pg161_p,M_hdcea_p
M_pg160_p,M_clpn160_p
M_pg160_p,M_glyc_p
M_pg161_p,M_clpn161_p
M_pg161_p,M_glyc_p
M_all__D_e,M_all__D_p
M_atp_c,M_pg160_p
M_h2o_c,M_pg160_p
M_pg160_c,M_pg160_p
M_atp_c,M_pgp140_p
M_h2o_c,M_pgp140_p
M_pgp140_c,M_pgp140_p
M_h2o_p,M_12dgr120_p
M_h2o_p,M_pi_p
M_pa120_p,M_12dgr120_p
M_pa120_p,M_pi_p
M_h2o_p,M_12dgr140_p
M_h2o_p,M_pi_p
M_pa140_p,M_12dgr140_p
M_pa140_p,M_pi_p
M_h2o_p,M_12dgr141_p
M_h2o_p,M_pi_p
M_pa141_p,M_12dgr141_p
M_pa141_p,M_pi_p
M_34dhpac_e,M_34dhpac_p
M_h2o_p,M_12dgr160_p
M_h2o_p,M_pi_p
M_pa160_p,M_12dgr160_p
M_pa160_p,M_pi_p
M_g6p_p,M_pi_p
M_pi_c,M_pi_p
M_h2o_p,M_12dgr161_p
M_h2o_p,M_pi_p
M_pa161_p,M_12dgr161_p
M_pa161_p,M_pi_p
M_malthx_e,M_malthx_p
M_h2o_p,M_12dgr180_p
M_h2o_p,M_pi_p
M_pa180_p,M_12dgr180_p
M_pa180_p,M_pi_p
M_pro__L_e,M_pro__L_p
M_fe3hox_un_c,M_fe3hox_un_p
M_h_p,M_fe3hox_un_p
M_h2_c,M_h_p
M_h_c,M_h_p
M_q8_c,M_h_p
M_fe3dhbzs_e,M_fe3dhbzs_p
M_h_p,M_fe3dhbzs_p
M_23dappa_e,M_23dappa_p
M_eca3und_p,M_eca4und_p
M_eca3und_p,M_h_p
M_eca3und_p,M_udcpdp_p
M_unagamuf_p,M_eca4und_p
M_unagamuf_p,M_h_p
M_unagamuf_p,M_udcpdp_p
M_feoxam_e,M_feoxam_p
M_h_p,M_feoxam_p
M_acgam1p_p,M_acgam_p
M_acgam1p_p,M_pi_p
M_h2o_p,M_acgam_p
M_h2o_p,M_pi_p
M_gsn_e,M_gsn_p
M_sbt__D_e,M_sbt__D_p
M_for_e,M_for_p
M_h2o2_c,M_trdox_c
M_trdrd_c,M_trdox_c
M_h2o_p,M_ala__D_p
M_h2o_p,M_murein4px4p_p
M_murein5px4p_p,M_ala__D_p
M_murein5px4p_p,M_murein4px4p_p
M_h2o_p,M_2odec11eg3p_p
M_h2o_p,M_ocdcea_p
M_pa181_p,M_2odec11eg3p_p
M_pa181_p,M_ocdcea_p
M_h_p,M_hg2_p
M_hg2_c,M_hg2_p
M_h_c,M_h_p
M_o2_c,M_h_p
M_q8h2_c,M_h_p
M_h_c,M_tdeACP_c
M_nadh_c,M_tdeACP_c
M_t3c7mrseACP_c,M_tdeACP_c
M_h_c,M_octeACP_c
M_nadh_c,M_octeACP_c
M_t3c11vaceACP_c,M_octeACP_c
M_h_c,M_octeACP_c
M_nadph_c,M_octeACP_c
M_t3c11vaceACP_c,M_octeACP_c
M_glyc3p_c,M_ACP_c
M_tdeACP_c,M_ACP_c
M_glyc3p_c,M_ACP_c
M_octeACP_c,M_ACP_c
M_uaagmda_c,M_murein5p5p_p
M_murein5p5p_p,M_murein5p5p5p_p
M_uaagmda_c,M_murein5p5p5p_p
M_murein5p5p_p,M_ala__D_p
M_murein5p5p_p,M_murein5px4p_p
M_murein5p5p5p_p,M_ala__D_p
M_murein5p5p5p_p,M_murein5px4px4p_p
M_murein5p5p_p,M_alaala_p
M_murein5p5p_p,M_murein5px3p_p
M_h_p,M_melib_p
M_melib_c,M_melib_p
M_glc__D_e,M_glc__D_p
M_h_p,M_na1_p
M_na1_c,M_na1_p
M_minohp_e,M_minohp_p
M_atp_c,M_kdo2lipid4_p
M_h2o_c,M_kdo2lipid4_p
M_kdo2lipid4_c,M_kdo2lipid4_p
M_3oddecACP_c,M_3hddecACP_c
M_h_c,M_3hddecACP_c
M_nadph_c,M_3hddecACP_c
M_3hoctACP_c,M_toct2eACP_c
M_3hddecACP_c,M_tddec2eACP_c
M_dsbcox_p,M_dsbcrd_p
M_dsbcox_p,M_gthox_p
M_gthrd_p,M_dsbcrd_p
M_gthrd_p,M_gthox_p
M_dsbgox_p,M_dsbgrd_p
M_dsbgox_p,M_gthox_p
M_gthrd_p,M_dsbgrd_p
M_gthrd_p,M_gthox_p
M_h_c,M_ocdcaACP_c
M_nadh_c,M_ocdcaACP_c
M_toctd2eACP_c,M_ocdcaACP_c
M_akg_e,M_akg_p
M_h_c,M_ocdcaACP_c
M_nadph_c,M_ocdcaACP_c
M_toctd2eACP_c,M_ocdcaACP_c
M_1ddecg3p_c,M_ACP_c
M_ddcaACP_c,M_ACP_c
M_alltn_e,M_alltn_p
M_asn__L_e,M_asn__L_p
M_atp_c,M_colipa_p
M_colipa_c,M_colipa_p
M_h2o_c,M_colipa_p
M_1agpg141_p,M_g3pg_p
M_1agpg141_p,M_h_p
M_1agpg141_p,M_ttdcea_p
M_h2o_p,M_g3pg_p
M_h2o_p,M_h_p
M_h2o_p,M_ttdcea_p
M_1agpg180_p,M_g3pg_p
M_1agpg180_p,M_h_p
M_1agpg180_p,M_ocdca_p
M_h2o_p,M_g3pg_p
M_h2o_p,M_h_p
M_h2o_p,M_ocdca_p
M_1agpg181_p,M_g3pg_p
M_1agpg181_p,M_h_p
M_1agpg181_p,M_ocdcea_p
M_h2o_p,M_g3pg_p
M_h2o_p,M_h_p
M_h2o_p,M_ocdcea_p
M_f6p_p,M_pi_p
M_pi_c,M_pi_p
M_ppal_c,M_ppal_p
M_h2o_p,M_1tdecg3p_p
M_h2o_p,M_h_p
M_h2o_p,M_ttdca_p
M_pa140_p,M_1tdecg3p_p
M_pa140_p,M_h_p
M_pa140_p,M_ttdca_p
M_h2o_p,M_1tdec7eg3p_p
M_h2o_p,M_h_p
M_h2o_p,M_ttdcea_p
M_pa141_p,M_1tdec7eg3p_p
M_pa141_p,M_h_p
M_pa141_p,M_ttdcea_p
M_h2o_p,M_1odecg3p_p
M_h2o_p,M_h_p
M_h2o_p,M_ocdca_p
M_pa180_p,M_1odecg3p_p
M_pa180_p,M_h_p
M_pa180_p,M_ocdca_p
M_gam6p_p,M_pi_p
M_pi_c,M_pi_p
M_h2o_p,M_1agpe141_p
M_h2o_p,M_h_p
M_h2o_p,M_ttdcea_p
M_pe141_p,M_1agpe141_p
M_pe141_p,M_h_p
M_pe141_p,M_ttdcea_p
M_h2o_p,M_1agpe181_p
M_h2o_p,M_h_p
M_h2o_p,M_ocdcea_p
M_pe181_p,M_1agpe181_p
M_pe181_p,M_h_p
M_pe181_p,M_ocdcea_p
M_h2o_p,M_1agpg140_p
M_h2o_p,M_h_p
M_h2o_p,M_ttdca_p
M_pg140_p,M_1agpg140_p
M_pg140_p,M_h_p
M_pg140_p,M_ttdca_p
M_ppal_e,M_ppal_p
M_ca2_e,M_ca2_p
M_cu_e,M_cu_p
M_3hcpalm9eACP_c,M_t3c9palmeACP_c
M_h2o_p,M_1agpg160_p
M_h2o_p,M_h_p
M_h2o_p,M_hdca_p
M_pg160_p,M_1agpg160_p
M_pg160_p,M_h_p
M_pg160_p,M_hdca_p
M_cu_p,M_cu2_p
M_cu_p,M_h2o_p
M_h_p,M_cu2_p
M_h_p,M_h2o_p
M_o2_p,M_cu2_p
M_o2_p,M_h2o_p
M_h2o_p,M_1agpg181_p
M_h2o_p,M_h_p
M_h2o_p,M_ocdcea_p
M_pg181_p,M_1agpg181_p
M_pg181_p,M_h_p
M_pg181_p,M_ocdcea_p
M_1agpe141_p,M_g3pe_p
M_1agpe141_p,M_h_p
M_1agpe141_p,M_ttdcea_p
M_h2o_p,M_g3pe_p
M_h2o_p,M_h_p
M_h2o_p,M_ttdcea_p
M_12ppd__R_e,M_12ppd__R_p
M_1agpe160_p,M_g3pe_p
M_1agpe160_p,M_h_p
M_1agpe160_p,M_hdca_p
M_h2o_p,M_g3pe_p
M_h2o_p,M_h_p
M_h2o_p,M_hdca_p
M_1agpe180_p,M_g3pe_p
M_1agpe180_p,M_h_p
M_1agpe180_p,M_ocdca_p
M_h2o_p,M_g3pe_p
M_h2o_p,M_h_p
M_h2o_p,M_ocdca_p
M_h_c,M_ocACP_c
M_nadph_c,M_ocACP_c
M_toct2eACP_c,M_ocACP_c
M_h_c,M_ddcaACP_c
M_nadph_c,M_ddcaACP_c
M_tddec2eACP_c,M_ddcaACP_c
M_3ocvac11eACP_c,M_3hcvac11eACP_c
M_h_c,M_3hcvac11eACP_c
M_nadph_c,M_3hcvac11eACP_c
M_3hcddec5eACP_c,M_t3c5ddeceACP_c
M_h_c,M_cddec5eACP_c
M_nadph_c,M_cddec5eACP_c
M_t3c5ddeceACP_c,M_cddec5eACP_c
M_1agpe181_p,M_g3pe_p
M_1agpe181_p,M_h_p
M_1agpe181_p,M_ocdcea_p
M_h2o_p,M_g3pe_p
M_h2o_p,M_h_p
M_h2o_p,M_ocdcea_p
M_1agpg160_p,M_g3pg_p
M_1agpg160_p,M_h_p
M_1agpg160_p,M_hdca_p
M_h2o_p,M_g3pg_p
M_h2o_p,M_h_p
M_h2o_p,M_hdca_p
M_1agpg161_p,M_g3pg_p
M_1agpg161_p,M_h_p
M_1agpg161_p,M_hdcea_p
M_h2o_p,M_g3pg_p
M_h2o_p,M_h_p
M_h2o_p,M_hdcea_p
M_gthrd_p,M_cgly_p
M_gthrd_p,M_glu__L_p
M_h2o_p,M_cgly_p
M_h2o_p,M_glu__L_p
M_progly_e,M_progly_p
M_h2o_p,M_ala__D_p
M_h2o_p,M_murein4px4px4p_p
M_murein5px4px4p_p,M_ala__D_p
M_murein5px4px4p_p,M_murein4px4px4p_p
M_1agpg120_p,M_ddca_p
M_1agpg120_p,M_g3pg_p
M_1agpg120_p,M_h_p
M_h2o_p,M_ddca_p
M_h2o_p,M_g3pg_p
M_h2o_p,M_h_p
M_h2o_p,M_1agpe140_p
M_h2o_p,M_h_p
M_h2o_p,M_ttdca_p
M_pe140_p,M_1agpe140_p
M_pe140_p,M_h_p
M_pe140_p,M_ttdca_p
M_h2o_p,M_1agpe160_p
M_h2o_p,M_h_p
M_h2o_p,M_hdca_p
M_pe160_p,M_1agpe160_p
M_pe160_p,M_h_p
M_pe160_p,M_hdca_p
M_h2o_p,M_1hdec9eg3p_p
M_h2o_p,M_h_p
M_h2o_p,M_hdcea_p
M_pa161_p,M_1hdec9eg3p_p
M_pa161_p,M_h_p
M_pa161_p,M_hdcea_p
M_h2o_p,M_1odec11eg3p_p
M_h2o_p,M_h_p
M_h2o_p,M_ocdcea_p
M_pa181_p,M_1odec11eg3p_p
M_pa181_p,M_h_p
M_pa181_p,M_ocdcea_p
M_f6p_e,M_f6p_p
M_h2o_p,M_ala__D_p
M_h2o_p,M_murein5p4p_p
M_murein5p5p_p,M_ala__D_p
M_murein5p5p_p,M_murein5p4p_p
M_h_c,M_myrsACP_c
M_nadh_c,M_myrsACP_c
M_tmrs2eACP_c,M_myrsACP_c
M_but2eACP_c,M_butACP_c
M_h_c,M_butACP_c
M_nadph_c,M_butACP_c
M_gam6p_e,M_gam6p_p
M_h_c,M_3ocvac11eACP_c
M_h_c,M_ACP_c
M_hdeACP_c,M_3ocvac11eACP_c
M_hdeACP_c,M_ACP_c
M_malACP_c,M_3ocvac11eACP_c
M_malACP_c,M_ACP_c
M_h_c,M_hdeACP_c
M_nadph_c,M_hdeACP_c
M_t3c9palmeACP_c,M_hdeACP_c
M_glyc3p_c,M_ACP_c
M_myrsACP_c,M_ACP_c
M_glyc3p_c,M_ACP_c
M_palmACP_c,M_ACP_c
M_glyc3p_c,M_1hdec9eg3p_c
M_glyc3p_c,M_ACP_c
M_hdeACP_c,M_1hdec9eg3p_c
M_hdeACP_c,M_ACP_c
M_1hdecg3p_c,M_ACP_c
M_palmACP_c,M_ACP_c
M_1tdecg3p_c,M_ACP_c
M_myrsACP_c,M_ACP_c
M_h2o_p,M_ala__D_p
M_h2o_p,M_murein3p3p_p
M_murein4p3p_p,M_ala__D_p
M_murein4p3p_p,M_murein3p3p_p
M_ddcaACP_c,M_3omrsACP_c
M_ddcaACP_c,M_ACP_c
M_h_c,M_3omrsACP_c
M_h_c,M_ACP_c
M_malACP_c,M_3omrsACP_c
M_malACP_c,M_ACP_c
M_3omrsACP_c,M_3hmrsACP_c
M_h_c,M_3hmrsACP_c
M_nadph_c,M_3hmrsACP_c
M_h2o_p,M_alaala_p
M_h2o_p,M_murein3px4p_p
M_murein5px4p_p,M_alaala_p
M_murein5px4p_p,M_murein3px4p_p
M_h_c,M_palmACP_c
M_nadph_c,M_palmACP_c
M_tpalm2eACP_c,M_palmACP_c
M_3opalmACP_c,M_3hpalmACP_c
M_h_c,M_3hpalmACP_c
M_nadph_c,M_3hpalmACP_c
M_3hcvac11eACP_c,M_t3c11vaceACP_c
M_h_c,M_dcaACP_c
M_nadph_c,M_dcaACP_c
M_tdec2eACP_c,M_dcaACP_c
M_3ocmrs7eACP_c,M_3hcmrs7eACP_c
M_h_c,M_3hcmrs7eACP_c
M_nadph_c,M_3hcmrs7eACP_c
M_3ocpalm9eACP_c,M_3hcpalm9eACP_c
M_h_c,M_3hcpalm9eACP_c
M_nadph_c,M_3hcpalm9eACP_c
M_3hcmrs7eACP_c,M_t3c7mrseACP_c
M_h_c,M_cddec5eACP_c
M_nadh_c,M_cddec5eACP_c
M_t3c5ddeceACP_c,M_cddec5eACP_c
M_atp_c,M_pe141_p
M_h2o_c,M_pe141_p
M_pe141_c,M_pe141_p
M_1tdec7eg3p_p,M_glyc3p_p
M_1tdec7eg3p_p,M_h_p
M_1tdec7eg3p_p,M_ttdcea_p
M_h2o_p,M_glyc3p_p
M_h2o_p,M_h_p
M_h2o_p,M_ttdcea_p
M_1odecg3p_p,M_glyc3p_p
M_1odecg3p_p,M_h_p
M_1odecg3p_p,M_ocdca_p
M_h2o_p,M_glyc3p_p
M_h2o_p,M_h_p
M_h2o_p,M_ocdca_p
M_1agpe140_p,M_g3pe_p
M_1agpe140_p,M_h_p
M_1agpe140_p,M_ttdca_p
M_h2o_p,M_g3pe_p
M_h2o_p,M_h_p
M_h2o_p,M_ttdca_p
M_1agpe161_p,M_g3pe_p
M_1agpe161_p,M_h_p
M_1agpe161_p,M_hdcea_p
M_h2o_p,M_g3pe_p
M_h2o_p,M_h_p
M_h2o_p,M_hdcea_p
M_1agpg140_p,M_g3pg_p
M_1agpg140_p,M_h_p
M_1agpg140_p,M_ttdca_p
M_h2o_p,M_g3pg_p
M_h2o_p,M_h_p
M_h2o_p,M_ttdca_p
M_atp_c,M_pe160_p
M_h2o_c,M_pe160_p
M_pe160_c,M_pe160_p
M_atp_c,M_pe161_p
M_h2o_c,M_pe161_p
M_pe161_c,M_pe161_p
M_atp_c,M_pg140_p
M_h2o_c,M_pg140_p
M_pg140_c,M_pg140_p
M_atp_c,M_pg141_p
M_h2o_c,M_pg141_p
M_pg141_c,M_pg141_p
M_h2o_p,M_alaala_p
M_h2o_p,M_murein5p3p_p
M_murein5p5p_p,M_alaala_p
M_murein5p5p_p,M_murein5p3p_p
M_atp_c,M_pg180_p
M_h2o_c,M_pg180_p
M_pg180_c,M_pg180_p
M_atp_c,M_pg181_p
M_h2o_c,M_pg181_p
M_pg181_c,M_pg181_p
M_atp_c,M_pgp141_p
M_h2o_c,M_pgp141_p
M_pgp141_c,M_pgp141_p
M_atp_c,M_pgp160_p
M_h2o_c,M_pgp160_p
M_pgp160_c,M_pgp160_p
M_h2o_p,M_pg120_p
M_h2o_p,M_pi_p
M_pgp120_p,M_pg120_p
M_pgp120_p,M_pi_p
M_h2o_p,M_pg181_p
M_h2o_p,M_pi_p
M_pgp181_p,M_pg181_p
M_pgp181_p,M_pi_p
M_clpn120_p,M_h_p
M_clpn120_p,M_pa120_p
M_clpn120_p,M_pg120_p
M_h2o_p,M_h_p
M_h2o_p,M_pa120_p
M_h2o_p,M_pg120_p
M_atp_c,M_pgp180_p
M_h2o_c,M_pgp180_p
M_pgp180_c,M_pgp180_p
M_h2o_p,M_12dgr181_p
M_h2o_p,M_pi_p
M_pa181_p,M_12dgr181_p
M_pa181_p,M_pi_p
M_atp_c,M_pa140_p
M_h2o_c,M_pa140_p
M_pa140_c,M_pa140_p
M_clpn140_p,M_h_p
M_clpn140_p,M_pa140_p
M_clpn140_p,M_pg140_p
M_h2o_p,M_h_p
M_h2o_p,M_pa140_p
M_h2o_p,M_pg140_p
M_h2o_p,M_ala__D_p
M_h2o_p,M_murein4p3p_p
M_murein5p3p_p,M_ala__D_p
M_murein5p3p_p,M_murein4p3p_p
M_murein3p3p_p,M_anhgm3p_p
M_h2o_p,M_ala__D_p
M_h2o_p,M_murein4p4p_p
M_murein5p4p_p,M_ala__D_p
M_murein5p4p_p,M_murein4p4p_p
M_pg140_p,M_clpn140_p
M_pg140_p,M_glyc_p
M_pg141_p,M_clpn141_p
M_pg141_p,M_glyc_p
M_glyc3p_c,M_ACP_c
M_ocdcaACP_c,M_ACP_c
M_h2o_p,M_2agpg160_p
M_h2o_p,M_h_p
M_h2o_p,M_hdca_p
M_pg160_p,M_2agpg160_p
M_pg160_p,M_h_p
M_pg160_p,M_hdca_p
M_atp_c,M_pg120_p
M_h2o_c,M_pg120_p
M_pg120_c,M_pg120_p
M_atp_c,M_pe140_p
M_h2o_c,M_pe140_p
M_pe140_c,M_pe140_p
M_h2o_p,M_2agpg141_p
M_h2o_p,M_h_p
M_h2o_p,M_ttdcea_p
M_pg141_p,M_2agpg141_p
M_pg141_p,M_h_p
M_pg141_p,M_ttdcea_p
M_2agpe161_p,M_2agpe161_c
M_2hdec9eg3p_p,M_2hdec9eg3p_c
M_2odec11eg3p_p,M_2odec11eg3p_c
M_2agpg120_p,M_2agpg120_c
M_atp_c,M_pa141_p
M_h2o_c,M_pa141_p
M_pa141_c,M_pa141_p
M_lipa_p,M_12dgr161_p
M_lipa_p,M_enlipa_p
M_pe161_p,M_12dgr161_p
M_pe161_p,M_enlipa_p
M_1odec11eg3p_c,M_ACP_c
M_octeACP_c,M_ACP_c
M_atp_c,M_pa161_p
M_h2o_c,M_pa161_p
M_pa161_c,M_pa161_p
M_atp_c,M_pa180_p
M_h2o_c,M_pa180_p
M_pa180_c,M_pa180_p
M_h2o_p,M_pg161_p
M_h2o_p,M_pi_p
M_pgp161_p,M_pg161_p
M_pgp161_p,M_pi_p
M_atp_c,M_pe120_p
M_h2o_c,M_pe120_p
M_pe120_c,M_pe120_p
M_h2o_p,M_murein5p4p_p
M_murein5px4p_p,M_murein5p4p_p
M_h2o_p,M_murein4px4p4p_p
M_murein4px4px4p_p,M_murein4px4p4p_p
M_atp_c,M_pe180_p
M_h2o_c,M_pe180_p
M_pe180_c,M_pe180_p
M_murein4p4p_p,M_anhgm4p_p
M_cgly_e,M_cgly_p
M_3haACP_c,M_but2eACP_c
M_h2o_p,M_2agpe141_p
M_h2o_p,M_h_p
M_h2o_p,M_ttdcea_p
M_pe141_p,M_2agpe141_p
M_pe141_p,M_h_p
M_pe141_p,M_ttdcea_p
M_butACP_c,M_3ohexACP_c
M_butACP_c,M_ACP_c
M_h_c,M_3ohexACP_c
M_h_c,M_ACP_c
M_malACP_c,M_3ohexACP_c
M_malACP_c,M_ACP_c
M_h_c,M_3opalmACP_c
M_h_c,M_ACP_c
M_malACP_c,M_3opalmACP_c
M_malACP_c,M_ACP_c
M_myrsACP_c,M_3opalmACP_c
M_myrsACP_c,M_ACP_c
M_gthox_e,M_gthox_p
M_dsbard_p,M_dsbaox_p
M_q8_c,M_dsbaox_p
M_dsbard_p,M_dsbaox_p
M_mqn8_c,M_dsbaox_p
M_dsbdox_c,M_dsbdrd_c
M_dsbdox_c,M_trdox_c
M_trdrd_c,M_dsbdrd_c
M_trdrd_c,M_trdox_c
M_dsbcox_p,M_dsbcrd_p
M_dsbcox_p,M_dsbdox_c
M_dsbdrd_c,M_dsbcrd_p
M_dsbdrd_c,M_dsbdox_c
M_h2o_p,M_1ddecg3p_p
M_h2o_p,M_ddca_p
M_h2o_p,M_h_p
M_pa120_p,M_1ddecg3p_p
M_pa120_p,M_ddca_p
M_pa120_p,M_h_p
M_h2o_p,M_1hdecg3p_p
M_h2o_p,M_h_p
M_h2o_p,M_hdca_p
M_pa160_p,M_1hdecg3p_p
M_pa160_p,M_h_p
M_pa160_p,M_hdca_p
M_clpn180_p,M_h_p
M_clpn180_p,M_pa180_p
M_clpn180_p,M_pg180_p
M_h2o_p,M_h_p
M_h2o_p,M_pa180_p
M_h2o_p,M_pg180_p
M_3ohexACP_c,M_3hhexACP_c
M_h_c,M_3hhexACP_c
M_nadph_c,M_3hhexACP_c
M_3ooctACP_c,M_3hoctACP_c
M_h_c,M_3hoctACP_c
M_nadph_c,M_3hoctACP_c
M_h2o_p,M_alaala_p
M_h2o_p,M_murein3px3p_p
M_murein5px3p_p,M_alaala_p
M_murein5px3p_p,M_murein3px3p_p
M_h2o_p,M_ala__D_p
M_h2o_p,M_murein4p3p_p
M_murein4p4p_p,M_ala__D_p
M_murein4p4p_p,M_murein4p3p_p
M_2tdecg3p_p,M_2tdecg3p_c
M_h_c,M_dcaACP_c
M_nadh_c,M_dcaACP_c
M_tdec2eACP_c,M_dcaACP_c
M_h_c,M_ddcaACP_c
M_nadh_c,M_ddcaACP_c
M_tddec2eACP_c,M_ddcaACP_c
M_h_c,M_palmACP_c
M_nadh_c,M_palmACP_c
M_tpalm2eACP_c,M_palmACP_c
M_2tdec7eg3p_p,M_2tdec7eg3p_c
M_h_c,M_myrsACP_c
M_nadph_c,M_myrsACP_c
M_tmrs2eACP_c,M_myrsACP_c
M_cdec3eACP_c,M_3ocddec5eACP_c
M_cdec3eACP_c,M_ACP_c
M_h_c,M_3ocddec5eACP_c
M_h_c,M_ACP_c
M_malACP_c,M_3ocddec5eACP_c
M_malACP_c,M_ACP_c
M_h_c,M_3ooctACP_c
M_h_c,M_ACP_c
M_hexACP_c,M_3ooctACP_c
M_hexACP_c,M_ACP_c
M_malACP_c,M_3ooctACP_c
M_malACP_c,M_ACP_c
M_h_c,M_3odecACP_c
M_h_c,M_ACP_c
M_malACP_c,M_3odecACP_c
M_malACP_c,M_ACP_c
M_ocACP_c,M_3odecACP_c
M_ocACP_c,M_ACP_c
M_dcaACP_c,M_3oddecACP_c
M_dcaACP_c,M_ACP_c
M_h_c,M_3oddecACP_c
M_h_c,M_ACP_c
M_malACP_c,M_3oddecACP_c
M_malACP_c,M_ACP_c
M_actACP_c,M_3haACP_c
M_h_c,M_3haACP_c
M_nadph_c,M_3haACP_c
M_3odecACP_c,M_3hdecACP_c
M_h_c,M_3hdecACP_c
M_nadph_c,M_3hdecACP_c
M_3hhexACP_c,M_thex2eACP_c
M_3hdecACP_c,M_tdec2eACP_c
M_3hmrsACP_c,M_tmrs2eACP_c
M_3hpalmACP_c,M_tpalm2eACP_c
M_1odecg3p_c,M_ACP_c
M_ocdcaACP_c,M_ACP_c
M_1tdec7eg3p_c,M_ACP_c
M_tdeACP_c,M_ACP_c
M_h2o_p,M_murein4p4p_p
M_murein4px4p_p,M_murein4p4p_p
M_h2o_p,M_murein4p3p_p
M_murein3px4p_p,M_murein4p3p_p
M_1hdec9eg3p_c,M_ACP_c
M_hdeACP_c,M_ACP_c
M_but2eACP_c,M_butACP_c
M_h_c,M_butACP_c
M_nadh_c,M_butACP_c
M_h_c,M_hexACP_c
M_nadph_c,M_hexACP_c
M_thex2eACP_c,M_hexACP_c
M_h2o_p,M_murein3p3p_p
M_murein3px3p_p,M_murein3p3p_p
M_h2o_p,M_murein5p3p_p
M_murein5px3p_p,M_murein5p3p_p
M_murein4p3p_p,M_anhgm3p_p
M_murein4p3p_p,M_anhgm4p_p
M_h2o_p,M_1agpe120_p
M_h2o_p,M_ddca_p
M_h2o_p,M_h_p
M_pe120_p,M_1agpe120_p
M_pe120_p,M_ddca_p
M_pe120_p,M_h_p
M_h2o_p,M_1agpg141_p
M_h2o_p,M_h_p
M_h2o_p,M_ttdcea_p
M_pg141_p,M_1agpg141_p
M_pg141_p,M_h_p
M_pg141_p,M_ttdcea_p
M_murein4px4p4p_p,M_anhgm4p_p
M_murein4px4p4p_p,M_murein4px4p_p
M_h_c,M_hexACP_c
M_nadh_c,M_hexACP_c
M_thex2eACP_c,M_hexACP_c
M_h2o_p,M_1agpg161_p
M_h2o_p,M_h_p
M_h2o_p,M_hdcea_p
M_pg161_p,M_1agpg161_p
M_pg161_p,M_h_p
M_pg161_p,M_hdcea_p
M_1ddecg3p_p,M_ddca_p
M_1ddecg3p_p,M_glyc3p_p
M_1ddecg3p_p,M_h_p
M_h2o_p,M_ddca_p
M_h2o_p,M_glyc3p_p
M_h2o_p,M_h_p
M_1tdecg3p_p,M_glyc3p_p
M_1tdecg3p_p,M_h_p
M_1tdecg3p_p,M_ttdca_p
M_h2o_p,M_glyc3p_p
M_h2o_p,M_h_p
M_h2o_p,M_ttdca_p
M_h_c,M_ocACP_c
M_nadh_c,M_ocACP_c
M_toct2eACP_c,M_ocACP_c
M_atp_c,M_pe181_p
M_h2o_c,M_pe181_p
M_pe181_c,M_pe181_p
M_1odec11eg3p_p,M_glyc3p_p
M_1odec11eg3p_p,M_h_p
M_1odec11eg3p_p,M_ocdcea_p
M_h2o_p,M_glyc3p_p
M_h2o_p,M_h_p
M_h2o_p,M_ocdcea_p
M_1agpe120_p,M_ddca_p
M_1agpe120_p,M_g3pe_p
M_1agpe120_p,M_h_p
M_h2o_p,M_ddca_p
M_h2o_p,M_g3pe_p
M_h2o_p,M_h_p
M_3ooctdACP_c,M_3hoctaACP_c
M_h_c,M_3hoctaACP_c
M_nadph_c,M_3hoctaACP_c
M_ddcaACP_c,M_ACP_c
M_glyc3p_c,M_ACP_c
M_h_c,M_3ooctdACP_c
M_h_c,M_ACP_c
M_malACP_c,M_3ooctdACP_c
M_malACP_c,M_ACP_c
M_palmACP_c,M_3ooctdACP_c
M_palmACP_c,M_ACP_c
M_3hoctaACP_c,M_toctd2eACP_c
M_dsbdrd_c,M_dsbdox_c
M_dsbdrd_c,M_dsbgrd_p
M_dsbgox_p,M_dsbdox_c
M_dsbgox_p,M_dsbgrd_p
M_gthrd_e,M_gthrd_p
M_atp_c,M_gthrd_p
M_gthrd_c,M_gthrd_p
M_h2o_c,M_gthrd_p
M_cobalt2_c,M_cobalt2_p
M_h_p,M_cobalt2_p
M_h2o_p,M_2ddecg3p_p
M_h2o_p,M_ddca_p
M_pa120_p,M_2ddecg3p_p
M_pa120_p,M_ddca_p
M_h2o_p,M_2tdecg3p_p
M_h2o_p,M_ttdca_p
M_pa140_p,M_2tdecg3p_p
M_pa140_p,M_ttdca_p
M_h2o_p,M_2tdec7eg3p_p
M_h2o_p,M_ttdcea_p
M_pa141_p,M_2tdec7eg3p_p
M_pa141_p,M_ttdcea_p
M_h2o_p,M_2hdecg3p_p
M_h2o_p,M_hdca_p
M_pa160_p,M_2hdecg3p_p
M_pa160_p,M_hdca_p
M_h2o_p,M_2hdec9eg3p_p
M_h2o_p,M_hdcea_p
M_pa161_p,M_2hdec9eg3p_p
M_pa161_p,M_hdcea_p
M_h2o_p,M_2odecg3p_p
M_h2o_p,M_ocdca_p
M_pa180_p,M_2odecg3p_p
M_pa180_p,M_ocdca_p
M_ca2_c,M_ca2_p
M_na1_p,M_ca2_p
M_h_c,M_h_p
M_nadh_c,M_h_p
M_q8_c,M_h_p
M_2dmmq8_c,M_h_p
M_h_c,M_h_p
M_nadh_c,M_h_p
M_galctn__L_e,M_galctn__L_p
M_h_p,M_lys__L_p
M_lys__L_c,M_lys__L_p
M_dt5hsu_c,M_dkdglcn_c
M_ca2_c,M_ca2_p
M_h_p,M_ca2_p
M_h_c,M_h_p
M_mqn8_c,M_h_p
M_nadh_c,M_h_p
M_h2o_c,M_ACP_c
M_hdeACP_c,M_ACP_c
M_h2o_c,M_ACP_c
M_tdeACP_c,M_ACP_c
M_h_p,M_thr__L_p
M_thr__L_c,M_thr__L_p
M_arg__L_c,M_arg__L_p
M_h_p,M_arg__L_p
M_h2o_c,M_ACP_c
M_palmACP_c,M_ACP_c
M_mal__D_e,M_mal__D_p
M_orot_e,M_orot_p
M_ddcaACP_c,M_ACP_c
M_h2o_c,M_ACP_c
M_h2o_c,M_ACP_c
M_ocACP_c,M_ACP_c
M_h2o_c,M_ACP_c
M_myrsACP_c,M_ACP_c
M_dcaACP_c,M_ACP_c
M_h2o_c,M_ACP_c
M_5dglcn_e,M_5dglcn_p
M_h2o_p,M_1agpe161_p
M_h2o_p,M_h_p
M_h2o_p,M_hdcea_p
M_pe161_p,M_1agpe161_p
M_pe161_p,M_h_p
M_pe161_p,M_hdcea_p
M_h2o_p,M_1agpe180_p
M_h2o_p,M_h_p
M_h2o_p,M_ocdca_p
M_pe180_p,M_1agpe180_p
M_pe180_p,M_h_p
M_pe180_p,M_ocdca_p
M_tungs_e,M_tungs_p
M_h2o_p,M_1agpg120_p
M_h2o_p,M_ddca_p
M_h2o_p,M_h_p
M_pg120_p,M_1agpg120_p
M_pg120_p,M_ddca_p
M_pg120_p,M_h_p
M_h2o_p,M_1agpg180_p
M_h2o_p,M_h_p
M_h2o_p,M_ocdca_p
M_pg180_p,M_1agpg180_p
M_pg180_p,M_h_p
M_pg180_p,M_ocdca_p
M_1hdec9eg3p_p,M_glyc3p_p
M_1hdec9eg3p_p,M_h_p
M_1hdec9eg3p_p,M_hdcea_p
M_h2o_p,M_glyc3p_p
M_h2o_p,M_h_p
M_h2o_p,M_hdcea_p
M_1hdecg3p_p,M_glyc3p_p
M_1hdecg3p_p,M_h_p
M_1hdecg3p_p,M_hdca_p
M_h2o_p,M_glyc3p_p
M_h2o_p,M_h_p
M_h2o_p,M_hdca_p
M_cobalt2_p,M_cobalt2_c
M_5mtr_e,M_5mtr_p
M_h_p,M_ni2_p
M_ni2_c,M_ni2_p
M_ppa_e,M_ppa_p
M_h_p,M_thym_p
M_thym_c,M_thym_p
M_cl_p,M_h_p
M_h_c,M_h_p
M_coa_c,M_flxr_c
M_flxso_c,M_flxr_c
M_pyr_c,M_flxr_c
M_gthrd_c,M_dgslnt_c
M_h_c,M_dgslnt_c
M_slnt_c,M_dgslnt_c
M_psclys_e,M_psclys_p
M_thym_e,M_thym_p
M_fe2_c,M_fe2_p
M_h_p,M_fe2_p
M_h_p,M_mn2_p
M_mn2_c,M_mn2_p
M_h_c,M_h_p
M_mg2_p,M_h_p
M_h_c,M_ogmeACP_c
M_malACP_c,M_ogmeACP_c
M_malcoame_c,M_ogmeACP_c
M_h_c,M_hgmeACP_c
M_nadph_c,M_hgmeACP_c
M_ogmeACP_c,M_hgmeACP_c
M_gmeACP_c,M_ACP_c
M_gmeACP_c,M_opmeACP_c
M_h_c,M_ACP_c
M_h_c,M_opmeACP_c
M_malACP_c,M_ACP_c
M_malACP_c,M_opmeACP_c
M_atp_c,M_lipa_e
M_h2o_c,M_lipa_e
M_lipa_p,M_lipa_e
M_gtp_c,M_cdigmp_c
M_LalaDglu_e,M_LalaDglu_p
M_2fe1s_c,M_sufbcd_2fe2s_c
M_2fe1s_c,M_sufse_c
M_atp_c,M_sufbcd_2fe2s_c
M_atp_c,M_sufse_c
M_h2o_c,M_sufbcd_2fe2s_c
M_h2o_c,M_sufse_c
M_sufbcd_c,M_sufbcd_2fe2s_c
M_sufbcd_c,M_sufse_c
M_sufsesh_c,M_sufbcd_2fe2s_c
M_sufsesh_c,M_sufse_c
M_atp_c,M_lipa_cold_e
M_h2o_c,M_lipa_cold_e
M_lipa_cold_p,M_lipa_cold_e
M_atp_c,M_kdo2lipid4_e
M_h2o_c,M_kdo2lipid4_e
M_kdo2lipid4_p,M_kdo2lipid4_e
M_for_p,M_co2_p
M_for_p,M_h_p
M_h_c,M_co2_p
M_h_c,M_h_p
M_q8_c,M_co2_p
M_q8_c,M_h_p
M_for_p,M_co2_p
M_for_p,M_h_p
M_h_c,M_co2_p
M_h_c,M_h_p
M_mqn8_c,M_co2_p
M_mqn8_c,M_h_p
M_h_c,M_ACP_c
M_h_c,M_ttdcap_c
M_myrsACP_c,M_ACP_c
M_myrsACP_c,M_ttdcap_c
M_pi_c,M_ACP_c
M_pi_c,M_ttdcap_c
M_iscssh_c,M_iscs_c
M_iscssh_c,M_moadcosh_c
M_moadamp_c,M_iscs_c
M_moadamp_c,M_moadcosh_c
M_nadh_c,M_iscs_c
M_nadh_c,M_moadcosh_c
M_3hpp_e,M_3hpp_p
M_cm_p,M_cm_e
M_h_p,M_cm_e
M_fusa_p,M_fusa_e
M_h_p,M_fusa_e
M_hpmeACP_c,M_epmeACP_c
M_epmeACP_c,M_pmeACP_c
M_h_c,M_pmeACP_c
M_nadph_c,M_pmeACP_c
M_rfamp_e,M_rfamp_p
M_mincyc_e,M_mincyc_p
M_ala__L_c,M_ACP_c
M_pimACP_c,M_ACP_c
M_h_p,M_mincyc_e
M_mincyc_p,M_mincyc_e
M_cys__L_c,M_sufsesh_c
M_sufse_c,M_sufsesh_c
M_doxrbcn_e,M_doxrbcn_p
M_doxrbcn_p,M_doxrbcn_e
M_h_p,M_doxrbcn_e
M_atp_c,M_sufbcd_2fe2s_c
M_atp_c,M_sufse_c
M_fadh2_c,M_sufbcd_2fe2s_c
M_fadh2_c,M_sufse_c
M_fe2_c,M_sufbcd_2fe2s_c
M_fe2_c,M_sufse_c
M_h2o_c,M_sufbcd_2fe2s_c
M_h2o_c,M_sufse_c
M_sufbcd_c,M_sufbcd_2fe2s_c
M_sufbcd_c,M_sufse_c
M_sufsesh_c,M_sufbcd_2fe2s_c
M_sufsesh_c,M_sufse_c
M_fadh2_c,M_sufbcd_4fe4s_c
M_h_c,M_sufbcd_4fe4s_c
M_sufbcd_2fe2s2_c,M_sufbcd_4fe4s_c
M_sel_e,M_sel_p
M_hgmeACP_c,M_egmeACP_c
M_egmeACP_c,M_gmeACP_c
M_h_c,M_gmeACP_c
M_nadph_c,M_gmeACP_c
M_h_c,M_hpmeACP_c
M_nadph_c,M_hpmeACP_c
M_opmeACP_c,M_hpmeACP_c
M_rephaccoa_c,M_2oxpaccoa_c
M_h_c,M_ACP_c
M_h_c,M_ttdceap_c
M_pi_c,M_ACP_c
M_pi_c,M_ttdceap_c
M_tdeACP_c,M_ACP_c
M_tdeACP_c,M_ttdceap_c
M_h_c,M_ACP_c
M_h_c,M_hdceap_c
M_hdeACP_c,M_ACP_c
M_hdeACP_c,M_hdceap_c
M_pi_c,M_ACP_c
M_pi_c,M_hdceap_c
M_h_c,M_ACP_c
M_h_c,M_ocdcap_c
M_ocdcaACP_c,M_ACP_c
M_ocdcaACP_c,M_ocdcap_c
M_pi_c,M_ACP_c
M_pi_c,M_ocdcap_c
M_glyc3p_c,M_1hdec9eg3p_c
M_hdceap_c,M_1hdec9eg3p_c
M_meoh_e,M_meoh_p
M_cys__L_c,M_iscssh_c
M_iscs_c,M_iscssh_c
M_2mecdp_c,M_flxso_c
M_flxr_c,M_flxso_c
M_h_c,M_flxso_c
M_atp_c,M_flxso_c
M_flxr_c,M_flxso_c
M_h_c,M_flxso_c
M_flxr_c,M_flxso_c
M_gtp_c,M_flxso_c
M_h_c,M_flxso_c
M_fadh2_c,M_iscu_4fe4s_c
M_h_c,M_iscu_4fe4s_c
M_iscu_2fe2s2_c,M_iscu_4fe4s_c
M_h_c,M_sufbcd_c
M_sufbcd_2fe2s_c,M_sufbcd_c
M_moco_c,M_bmoco_c
M_mptamp_c,M_bmoco_c
M_mptamp_c,M_bwco_c
M_wco_c,M_bwco_c
M_ctp_c,M_flxso_c
M_flxr_c,M_flxso_c
M_h_c,M_flxso_c
M_flxr_c,M_flxso_c
M_h_c,M_flxso_c
M_utp_c,M_flxso_c
M_bwco_c,M_bwco1gdp_c
M_gtp_c,M_bwco1gdp_c
M_h_c,M_bwco1gdp_c
M_bwco1gdp_c,M_bwcogdp_c
M_gtp_c,M_bwcogdp_c
M_h_c,M_bwcogdp_c
M_flxso_c,M_flxr_c
M_nadph_c,M_flxr_c
M_5mtr_c,M_5mtr_p
M_5mtr_c,M_h_p
M_h_c,M_5mtr_p
M_h_c,M_h_p
M_ttrcyc_e,M_ttrcyc_p
M_dhnpt_c,M_dhmpt_c
M_dhmpt_c,M_thmnp_c
M_h_c,M_thmnp_c
M_nadph_c,M_thmnp_c
M_h_p,M_novbcn_e
M_novbcn_p,M_novbcn_e
M_cm_e,M_cm_p
M_h_p,M_ttrcyc_e
M_ttrcyc_p,M_ttrcyc_e
M_LalaLglu_e,M_LalaLglu_p
M_fadh2_c,M_iscs_c
M_fadh2_c,M_iscu_2fe2s_c
M_fe2_c,M_iscs_c
M_fe2_c,M_iscu_2fe2s_c
M_iscssh_c,M_iscs_c
M_iscssh_c,M_iscu_2fe2s_c
M_iscu_c,M_iscs_c
M_iscu_c,M_iscu_2fe2s_c
M_h_c,M_iscu_c
M_iscu_2fe2s_c,M_iscu_c
M_2oxpaccoa_c,M_3oxdhscoa_c
M_h2o_c,M_3oxdhscoa_c
M_nadp_c,M_3oxdhscoa_c
M_fadh2_c,M_iscs_c
M_fadh2_c,M_iscu_2fe2s2_c
M_fe2_c,M_iscs_c
M_fe2_c,M_iscu_2fe2s2_c
M_iscssh_c,M_iscs_c
M_iscssh_c,M_iscu_2fe2s2_c
M_iscu_2fe2s_c,M_iscs_c
M_iscu_2fe2s_c,M_iscu_2fe2s2_c
M_h_c,M_iscu_c
M_iscu_4fe4s_c,M_iscu_c
M_h_c,M_sufbcd_c
M_sufbcd_4fe4s_c,M_sufbcd_c
M_slnt_e,M_slnt_p
M_atp_c,M_sufbcd_2fe2s2_c
M_atp_c,M_sufse_c
M_fadh2_c,M_sufbcd_2fe2s2_c
M_fadh2_c,M_sufse_c
M_fe2_c,M_sufbcd_2fe2s2_c
M_fe2_c,M_sufse_c
M_h2o_c,M_sufbcd_2fe2s2_c
M_h2o_c,M_sufse_c
M_sufbcd_2fe2s_c,M_sufbcd_2fe2s2_c
M_sufbcd_2fe2s_c,M_sufse_c
M_sufsesh_c,M_sufbcd_2fe2s2_c
M_sufsesh_c,M_sufse_c
M_2fe2s_c,M_2fe1s_c
M_amet_c,M_2fe1s_c
M_dtbt_c,M_2fe1s_c
M_dgslnt_c,M_gslnt_c
M_h_c,M_gslnt_c
M_nadph_c,M_gslnt_c
M_4fe4s_c,M_lipopb_c
M_amet_c,M_lipopb_c
M_h_c,M_lipopb_c
M_nad_c,M_lipopb_c
M_octapb_c,M_lipopb_c
M_colipa_p,M_colipap_p
M_colipa_p,M_udcpp_p
M_udcpdp_p,M_colipap_p
M_udcpdp_p,M_udcpp_p
M_ddcaACP_c,M_ACP_c
M_ddcaACP_c,M_ddcap_c
M_h_c,M_ACP_c
M_h_c,M_ddcap_c
M_pi_c,M_ACP_c
M_pi_c,M_ddcap_c
M_3hpp_c,M_3hpp_p
M_3hpp_c,M_h_p
M_h_c,M_3hpp_p
M_h_c,M_h_p
M_atp_c,M_moadamp_c
M_h_c,M_moadamp_c
M_moadcoo_c,M_moadamp_c
M_h_c,M_ACP_c
M_h_c,M_octapb_c
M_ocACP_c,M_ACP_c
M_ocACP_c,M_octapb_c
M_atp_c,M_lipoamp_c
M_lipoate_c,M_lipoamp_c
M_lipoamp_c,M_lipopb_c
M_gtp_c,M_mocogdp_c
M_h_c,M_mocogdp_c
M_moco_c,M_mocogdp_c
M_h_c,M_wco_c
M_mptamp_c,M_wco_c
M_tungs_c,M_wco_c
M_h_p,M_rfamp_e
M_rfamp_p,M_rfamp_e
M_acolipa_p,M_acolipa_e
M_atp_c,M_acolipa_e
M_h2o_c,M_acolipa_e
M_h2o_c,M_nadhx__R_c
M_nadh_c,M_nadhx__R_c
M_atp_c,M_eca4colipa_e
M_eca4colipa_p,M_eca4colipa_e
M_h2o_c,M_eca4colipa_e
M_atp_c,M_colipap_e
M_colipap_p,M_colipap_e
M_h2o_c,M_colipap_e
M_nadphx__R_c,M_nadphx__S_c
M_ala__L_c,M_ala__L_p
M_ch4_e,M_ch4_p
M_tartr__D_e,M_tartr__D_p
M_btn_e,M_btn_p
M_atp_c,M_fe3dhbzs3_c
M_fe3dhbzs3_p,M_fe3dhbzs3_c
M_h2o_c,M_fe3dhbzs3_c
M_fe3dhbzs3_c,M_23dhbzs3_c
M_nadph_c,M_23dhbzs3_c
M_dxylnt_c,M_2ddara_c
M_arbt_e,M_arbt_p
M_alltt_c,M_urdgci_c
M_h2o_c,M_urdgci_c
M_h_c,M_urdgci_c
M_pydx_e,M_pydx_p
M_asp__L_p,M_succ_p
M_succ_c,M_succ_p
M_cit_e,M_fe3dcit_e
M_fe3_e,M_fe3dcit_e
M_mal__L_p,M_succ_p
M_succ_c,M_succ_p
M_pydxn_e,M_pydxn_p
M_feenter_c,M_fe3dhbzs3_c
M_h2o_c,M_fe3dhbzs3_c
M_h_c,M_ACP_c
M_h_c,M_hdcap_c
M_palmACP_c,M_ACP_c
M_palmACP_c,M_hdcap_c
M_pi_c,M_ACP_c
M_pi_c,M_hdcap_c
M_dxylnt_e,M_dxylnt_p
M_pydam_e,M_pydam_p
M_psuri_e,M_psuri_p
M_chol_c,M_chol_p
M_h_p,M_chol_p
M_succ_c,M_succ_p
M_tartr__D_p,M_succ_p
M_glyb_c,M_glyb_p
M_h_p,M_glyb_p
M_mththf_c,M_mththf_p
M_h_c,M_ACP_c
M_h_c,M_ocdceap_c
M_octeACP_c,M_ACP_c
M_octeACP_c,M_ocdceap_c
M_pi_c,M_ACP_c
M_pi_c,M_ocdceap_c
M_f_c,M_f_p
M_sq_c,M_sf_c
M_sfp_c,M_sla_c
M_chtbs_e,M_chtbs_p
M_trp__L_c,M_trp__L_p
M_tyr__L_c,M_tyr__L_p
M_adp_c,M_athtp_c
M_h_c,M_athtp_c
M_thmpp_c,M_athtp_c
M_dhps_c,M_dhps_p
M_sq_p,M_sq_c
M_dhps_e,M_dhps_p
M_h_p,M_spmd_p
M_spmd_c,M_spmd_p
M_fmn_p,M_fmn_e
M_atp_c,M_dhptdp_c
M_dhptd_c,M_dhptdp_c
M_phe__L_c,M_phe__L_p
M_h_p,M_mal__L_p
M_mal__L_c,M_mal__L_p
M_cit_c,M_cit_p
M_h_p,M_cit_p
M_crn__D_e,M_crn__D_p
M_cellb_e,M_cellb_p
M_cholate_c,M_cholate_p
M_h_p,M_cholate_p
M_h2o_c,M_nadphx__R_c
M_nadph_c,M_nadphx__R_c
M_h2o_c,M_nadphx__S_c
M_nadph_c,M_nadphx__S_c
M_4abzglu_p,M_4abzglu_c
M_h_p,M_4abzglu_c
M_h2o_c,M_nadhx__S_c
M_nadh_c,M_nadhx__S_c
M_nadhx__S_c,M_nadhx__R_c
M_5phdt_c,M_5phua_c
M_h2o_c,M_5phua_c
M_amet_c,M_mteo2_c
M_teo2_c,M_mteo2_c
M_cysi__L_c,M_cysi__L_p
M_dhptdn_c,M_thptdn_c
M_h_c,M_thptdn_c
M_nadph_c,M_thptdn_c
M_dhptdn_c,M_thptdn_c
M_h_c,M_thptdn_c
M_nadh_c,M_thptdn_c
M_fad_c,M_fad_p
M_puacgam_c,M_puacgam_p
M_chtbs6p_c,M_mchtbs6p_c
M_h2o_c,M_mchtbs6p_c
M_fad_p,M_fad_e
M_dhptdp_c,M_dhptdd_c
M_4hbz_c,M_4hbz_p
M_h_p,M_4hbz_p
M_cur_c,M_dhcur_c
M_h_c,M_dhcur_c
M_nadph_c,M_dhcur_c
M_h_p,M_leu__L_c
M_leu__L_p,M_leu__L_c
M_h_p,M_ile__L_p
M_ile__L_c,M_ile__L_p
M_accoa_c,M_acmet_c
M_met__L_c,M_acmet_c
M_h_p,M_met__L_p
M_met__L_c,M_met__L_p
M_4fe4s_c,M_3fe4s_c
M_h2o2_c,M_3fe4s_c
M_h_c,M_3fe4s_c
M_gsn_c,M_gsn_p
M_h_p,M_gsn_p
M_2dglc_e,M_2dglc_p
M_e4p_c,M_erthrs_c
M_h2o_c,M_erthrs_c
M_pi_c,M_pi_p
M_atp_c,M_sfp_c
M_sf_c,M_sfp_c
M_h_c,M_dhps_c
M_nadh_c,M_dhps_c
M_sla_c,M_dhps_c
M_h_p,M_leu__L_p
M_leu__L_c,M_leu__L_p
M_h_p,M_ins_p
M_ins_c,M_ins_p
M_sq_e,M_sq_p
M_gly_c,M_gly_p
M_urate_e,M_urate_p
M_cbl1_e,M_cbl1_p
M_h_p,M_cbl1_p
M_cbi_e,M_cbi_p
M_h_p,M_cbi_p
M_prpmn_c,M_ch4_c
M_prpmn_c,M_prcp_c
M_psuri_p,M_psuri_c
M_ch4_c,M_ch4_p
M_2fe1s_c,M_iscs_c
M_2fe1s_c,M_iscu_2fe2s_c
M_iscssh_c,M_iscs_c
M_iscssh_c,M_iscu_2fe2s_c
M_iscu_c,M_iscs_c
M_iscu_c,M_iscu_2fe2s_c
M_h_p,M_metglcur_c
M_metglcur_p,M_metglcur_c
M_metglcur_e,M_metglcur_p
M_atp_c,M_iscs_c
M_dhgly_c,M_iscs_c
M_dxyl5p_c,M_iscs_c
M_h_c,M_iscs_c
M_iscssh_c,M_iscs_c
M_nadph_c,M_iscs_c
M_fmn_c,M_fmn_p
M_mththf_e,M_mththf_p
M_cu_c,M_cu_p
M_f_p,M_f_e
M_cysi__L_e,M_cysi__L_p
M_ser__L_c,M_ser__L_p
M_dhcur_c,M_thcur_c
M_h_c,M_thcur_c
M_nadph_c,M_thcur_c
M_rhmn_c,M_lkdr_c
M_3hbzcoa_c,M_3hbz_c
M_h2o_c,M_3hbz_c
M_amet_c,M_cxsam_c
M_pphn_c,M_cxsam_c
M_gmplys_c,M_nalme_c
M_h2o_c,M_nalme_c
M_accoa_c,M_acampnt_c
M_ampnt_c,M_acampnt_c
M_cs1_e,M_cs1_p
M_adocbl_e,M_adocbl_p
M_h_p,M_adocbl_p
M_h2o_c,M_sq_c
M_sqg_c,M_sq_c
M_ura_c,M_ura_p
M_lipa_p,M_12dgr181_p
M_lipa_p,M_enlipa_p
M_pe181_p,M_12dgr181_p
M_pe181_p,M_enlipa_p
M_atp_c,M_rpntp_c
M_mepn_c,M_rpntp_c
M_h2o_c,M_prpmn_c
M_rpntp_c,M_prpmn_c
M_fusa_e,M_fusa_p
M_mepn_e,M_mepn_p
M_udcpp_c,M_udcpgl_c
M_udpg_c,M_udcpgl_c
M_atp_c,M_mepn_c
M_h2o_c,M_mepn_c
M_mepn_p,M_mepn_c
M_novbcn_e,M_novbcn_p
M_fmn_p,M_pi_p
M_fmn_p,M_ribflv_p
M_h2o_p,M_pi_p
M_h2o_p,M_ribflv_p
M_4abzglu_e,M_4abzglu_p
M_quin_e,M_quin_p
M_2hptcoa_c,M_2hptcl_c
M_h2o_c,M_2hptcl_c
M_h_p,M_val__L_p
M_val__L_c,M_val__L_p
M_mn2_c,M_mn2_p
M_3oxdhscoa_c,M_23dhacoa_c
M_coa_c,M_23dhacoa_c
M_atp_c,M_o16a4colipa_e
M_h2o_c,M_o16a4colipa_e
M_o16a4colipa_p,M_o16a4colipa_e
M_atp_c,M_colipa_e
M_colipa_p,M_colipa_e
M_h2o_c,M_colipa_e
M_atp_c,M_enlipa_e
M_enlipa_p,M_enlipa_e
M_h2o_c,M_enlipa_e
M_bmoco_c,M_bmoco1gdp_c
M_gtp_c,M_bmoco1gdp_c
M_h_c,M_bmoco1gdp_c
M_cpmp_c,M_moadcoo_c
M_cu2_c,M_moadcoo_c
M_moadcosh_c,M_moadcoo_c
M_bmoco1gdp_c,M_bmocogdp_c
M_gtp_c,M_bmocogdp_c
M_h_c,M_bmocogdp_c
M_4fe4s_c,M_3fe4s_c
M_h_c,M_3fe4s_c
M_no_c,M_3fe4s_c
M_atp_c,M_octapb_c
M_h_c,M_octapb_c
M_octa_c,M_octapb_c
